ec90_state_id,ec90_district_id,ec90_town_id,shrid
"02","01","0001","11-28-802941"
"02","01","0002","11-28-802939"
"02","01","0006","11-28-802938"
"02","01","0008","11-28-802940"
"02","02","0001","11-28-802944"
"02","02","0003","01-28-41208000"
"02","02","0004","11-28-583130"
"02","02","0005","11-28-582798"
"02","02","0006","11-28-583164"
"02","02","0007","11-28-802943"
"02","02","0008","11-28-802945"
"02","02","0009","11-28-802946"
"02","04","0003","11-28-587400"
"02","04","0006","01-28-41411000"
"02","04","0007","11-28-802951"
"02","04","0008","11-28-802954"
"02","04","0009","11-28-802952"
"02","04","0010","91-02-0400300200"
"02","04","0011","11-28-802957"
"02","04","0012","11-28-587502"
"02","04","0013","11-28-587205"
"02","04","0014","11-28-587831"
"02","04","0015","11-28-802953"
"02","04","0016","11-28-587503"
"02","04","0017","11-28-802950"
"02","05","0001","11-28-588598"
"02","05","0002","11-28-802964"
"02","05","0003","11-28-802962"
"02","05","0004","11-28-802959"
"02","05","0007","11-28-802966"
"02","05","0008","11-28-588681"
"02","05","0009","11-28-802961"
"02","05","0010","11-28-802963"
"02","06","0005","11-28-802970"
"02","06","0009","11-28-589508"
"02","06","0011","11-28-802972"
"02","06","0013","11-28-802968"
"02","06","0015","91-02-0600500300"
"02","07","0003","11-28-802980"
"02","07","0004","11-28-802981"
"02","07","0006","11-28-802976"
"02","07","0009","11-28-802983"
"02","07","0013","11-28-802982"
"02","07","0015","01-28-41704000"
"02","08","0001","11-28-590769"
"02","08","0008","11-28-802988"
"02","08","0009","11-28-802988"
"02","08","0011","11-28-591023"
"02","09","0001","11-28-802992"
"02","09","0005","91-02-0900104000"
"02","09","0006","11-28-802991"
"02","10","0001","11-28-803019"
"02","10","0009","11-28-595773"
"02","10","0011","11-28-596010"
"02","11","0005","01-28-42008000"
"02","11","0008","11-28-593294"
"02","11","0015","11-28-592856"
"02","12","0001","11-28-803009"
"02","12","0004","11-28-803007"
"02","12","0005","11-28-803012"
"02","12","0008","11-28-595435"
"02","12","0009","11-28-595448"
"02","12","0011","11-28-803008"
"02","12","0012","11-28-594902"
"02","13","0005","01-28-42107000"
"02","13","0010","11-28-803004"
"02","13","0011","11-28-593976"
"02","14","0002","11-28-575385"
"02","14","0003","11-28-575211"
"02","14","0008","11-28-575744"
"02","14","0009","11-28-802923"
"02","14","0011","11-28-802924"
"02","15","0001","11-28-802918"
"02","15","0002","11-28-802918"
"02","15","0004","11-28-802918"
"02","15","0005","11-28-802918"
"02","15","0006","11-28-802918"
"02","15","0007","11-28-802918"
"02","15","0008","11-28-802918"
"02","15","0009","11-28-802918"
"02","15","0010","11-28-802918"
"02","15","0011","11-28-802918"
"02","15","0013","11-28-802918"
"02","15","0014","11-28-802918"
"02","15","0015","11-28-802918"
"02","15","0016","11-28-802918"
"02","17","0001","11-28-802918"
"02","17","0002","11-28-802918"
"02","17","0003","11-28-802918"
"02","17","0004","11-28-802918"
"02","17","0005","11-28-802918"
"02","17","0006","11-28-802918"
"02","17","0007","11-28-802918"
"02","17","0008","11-28-802918"
"02","17","0009","11-28-802918"
"02","17","0010","11-28-802918"
"02","19","0002","11-28-569539"
"02","19","0006","11-28-570569"
"02","19","0009","11-28-802901"
"02","20","0001","11-28-802908"
"02","20","0008","11-28-802907"
"02","20","0009","11-28-802912"
"02","20","0010","11-28-572368"
"02","21","0003","91-02-2100300200"
"02","22","0007","11-28-579212"
"02","22","0010","11-28-802935"
"02","23","0002","11-28-577259"
"02","23","0003","11-28-577573"
"02","23","0004","11-28-802929"
"02","23","0006","11-28-802927"
"03","02","0001","11-12-801426"
"03","04","0001","11-12-801443"
"03","06","0001","11-12-801432"
"03","07","0001","11-12-801435"
"03","08","0001","11-12-801446"
"03","09","0001","11-12-801447"
"03","09","0002","11-12-801448"
"03","11","0001","11-12-801441"
"04","01","0001","11-18-280885"
"04","01","0002","11-18-801548"
"04","01","0003","11-18-801549"
"04","01","0004","11-18-801550"
"04","01","0005","11-18-801551"
"04","01","0007","11-18-281759"
"04","02","0001","11-18-801546"
"04","02","0002","11-18-801547"
"04","02","0003","11-18-801622"
"04","03","0001","11-18-801623"
"04","03","0003","11-18-301461"
"04","03","0005","11-18-801621"
"04","04","0001","11-18-801554"
"04","04","0002","11-18-801553"
"04","05","0001","11-18-801555"
"04","05","0002","11-18-801556"
"04","05","0003","11-18-801557"
"04","05","0006","11-18-283005"
"04","05","0007","11-18-801560"
"04","06","0001","11-18-801628"
"04","06","0002","11-18-801629"
"04","07","0001","11-18-801624"
"04","07","0002","11-18-302706"
"04","07","0003","11-18-302704"
"04","07","0006","11-18-801624"
"04","07","0007","11-18-801627"
"04","08","0002","11-18-801630"
"04","08","0004","11-18-801633"
"04","09","0001","11-18-801572"
"04","09","0002","11-18-801570"
"04","09","0003","11-18-801571"
"04","09","0004","11-18-801573"
"04","10","0001","11-18-801576"
"04","10","0002","11-18-801577"
"04","11","0001","11-18-801579"
"04","12","0001","11-18-801561"
"04","13","0001","11-18-801562"
"04","13","0004","11-18-801566"
"04","13","0060","11-18-285495"
"04","14","0001","11-18-801601"
"04","14","0002","11-18-801599"
"04","14","0003","11-18-801600"
"04","15","0001","11-18-801595"
"04","15","0003","11-18-801598"
"04","16","0001","11-18-801590"
"04","16","0002","11-18-801589"
"04","16","0003","11-18-801591"
"04","16","0005","11-18-801593"
"04","17","0002","11-18-801586"
"04","17","0003","11-18-291355"
"04","17","0005","11-18-291703"
"04","18","0001","11-18-801583"
"04","19","0001","11-18-801609"
"04","19","0002","11-18-801608"
"04","19","0004","11-18-801607"
"04","20","0001","11-18-801611"
"04","20","0002","11-18-801612"
"04","20","0003","11-18-801613"
"04","21","0001","11-18-801616"
"04","21","0002","11-18-801617"
"04","21","0003","11-18-300230"
"04","22","0001","11-18-801618"
"04","22","0002","11-18-801619"
"04","23","0001","11-18-801615"
"04","23","0002","11-18-801614"
"05","01","0002","11-10-801379"
"05","01","0003","11-10-801380"
"05","01","0004","11-10-801374"
"05","01","0005","11-10-801378"
"05","01","0006","11-10-801370"
"05","01","0007","11-10-801372"
"05","01","0008","11-10-801371"
"05","01","0009","11-10-801369"
"05","01","0010","11-10-801382"
"05","01","0011","11-10-801381"
"05","01","0012","11-10-801383"
"05","01","0013","11-10-245825"
"05","02","0001","11-10-801364"
"05","02","0002","11-10-801367"
"05","02","0003","11-10-801368"
"05","02","0004","11-10-801365"
"05","02","0005","11-10-801366"
"05","03","0001","11-10-801385"
"05","03","0002","11-10-801388"
"05","03","0003","11-10-801387"
"05","03","0004","11-10-801384"
"05","03","0005","11-10-801386"
"05","03","0006","11-10-801389"
"05","03","0007","11-10-801391"
"05","03","0008","11-10-801390"
"05","04","0001","11-10-801397"
"05","04","0002","11-10-801393"
"05","04","0003","11-10-801394"
"05","04","0005","11-10-801398"
"05","04","0006","11-10-801392"
"05","04","0007","11-10-801396"
"05","05","0001","11-10-801401"
"05","05","0002","01-10-43402000"
"05","05","0003","11-10-801402"
"05","05","0004","11-10-801399"
"05","05","0005","11-10-801400"
"05","06","0001","11-10-801413"
"05","06","0002","11-10-801414"
"05","07","0001","11-10-801404"
"05","07","0002","11-10-801406"
"05","07","0003","11-10-801405"
"05","07","0004","11-10-801403"
"05","07","0005","91-05-0700300200"
"05","08","0001","11-10-801407"
"05","08","0002","11-10-801409"
"05","08","0003","11-10-801408"
"05","09","0001","11-10-801333"
"05","09","0002","11-10-801332"
"05","09","0003","11-10-801336"
"05","09","0004","11-10-801335"
"05","09","0005","11-10-801334"
"05","10","0001","11-10-801329"
"05","10","0002","11-10-801331"
"05","10","0003","11-10-801330"
"05","11","0001","11-10-801327"
"05","11","0002","11-10-801326"
"05","11","0003","11-10-801328"
"05","11","0004","11-10-801325"
"05","12","0001","11-10-801281"
"05","12","0002","11-10-801280"
"05","12","0003","11-10-801278"
"05","12","0004","11-10-801279"
"05","12","0005","11-10-801277"
"05","13","0001","11-10-801285"
"05","13","0002","01-10-40204000"
"05","13","0003","11-10-801283"
"05","13","0004","11-10-801282"
"05","13","0005","11-10-801288"
"05","13","0006","11-10-801284"
"05","14","0001","11-10-801295"
"05","14","0003","11-10-801296"
"05","14","0004","11-10-801294"
"05","14","0005","11-10-801293"
"05","14","0006","11-10-801297"
"05","14","0007","11-10-801292"
"05","15","0001","11-10-801324"
"05","15","0002","11-10-801323"
"05","15","0003","11-10-801322"
"05","16","0001","11-10-801338"
"05","16","0002","11-10-801337"
"05","16","0003","11-10-801339"
"05","17","0003","91-05-1700100000"
"05","17","0004","91-05-1700101000"
"05","18","0001","11-10-801340"
"05","18","0003","11-10-801341"
"05","18","0004","01-10-41902000"
"05","18","0005","11-10-801342"
"05","18","0006","11-10-237301"
"05","19","0001","11-10-801319"
"05","20","0001","11-10-801299"
"05","20","0002","11-10-801298"
"05","20","0003","11-10-801300"
"05","20","0004","11-10-801301"
"05","21","0001","11-10-801318"
"05","21","0002","11-10-801304"
"05","21","0003","11-10-801303"
"05","21","0004","11-10-801302"
"05","21","0005","11-10-221071"
"05","21","0006","11-10-220942"
"05","22","0001","11-10-801316"
"05","22","0002","11-10-801317"
"05","22","0003","11-10-226081"
"05","23","0001","11-10-801312"
"05","23","0002","11-10-801311"
"05","23","0003","11-10-801313"
"05","24","0003","11-10-801315"
"05","25","0001","11-10-801349"
"05","25","0002","11-10-801350"
"05","26","0001","11-10-801357"
"05","26","0002","11-10-801358"
"05","26","0003","11-10-242638"
"05","26","0004","11-10-801359"
"05","26","0005","11-10-801411"
"05","26","0006","11-10-801412"
"05","26","0007","11-10-801361"
"05","26","0009","11-10-801362"
"05","26","0010","11-10-801360"
"05","27","0002","11-10-801353"
"05","27","0003","11-10-801352"
"05","27","0004","11-10-801351"
"05","27","0005","11-10-801356"
"05","27","0006","11-10-801355"
"05","28","0001","11-20-801771"
"05","29","0001","11-20-801772"
"05","29","0002","11-20-801773"
"05","29","0003","11-20-358526"
"05","29","0004","11-20-801774"
"05","30","0001","11-20-801791"
"05","30","0002","11-20-801792"
"05","30","0003","11-20-801793"
"05","30","0004","11-20-801790"
"05","31","0001","11-20-801769"
"05","31","0002","01-20-40701000"
"05","31","0003","11-20-801770"
"05","32","0001","11-20-801775"
"05","32","0009","01-20-41228000"
"05","32","0011","01-20-41235000"
"05","32","0012","01-20-41232000"
"05","32","0014","01-20-41206000"
"05","32","0015","11-20-362193"
"05","32","0022","11-20-362723"
"05","32","0023","11-20-361403"
"05","32","0024","11-20-801778"
"05","32","0032","01-20-41217000"
"05","32","0033","11-20-361864"
"05","32","0034","11-20-361835"
"05","32","0037","11-20-361935"
"05","33","0001","11-20-801768"
"05","33","0002","11-20-352566"
"05","33","0007","11-20-362417"
"05","33","0008","11-20-362421"
"05","33","0010","11-20-352240"
"05","33","0011","11-20-352759"
"05","34","0001","11-20-801788"
"05","34","0002","11-20-368939"
"05","34","0003","11-20-369092"
"05","34","0004","11-20-801789"
"05","34","0005","11-20-369121"
"05","34","0007","11-20-369009"
"05","34","0008","11-20-369013"
"05","34","0009","11-20-801765"
"05","34","0010","11-20-801767"
"05","34","0011","11-20-801766"
"05","34","0012","11-20-368578"
"05","34","0015","11-20-368662"
"05","35","0001","11-20-801786"
"05","35","0003","11-20-801787"
"05","35","0004","11-20-367024"
"05","35","0005","11-20-801764"
"05","35","0007","11-20-367010"
"05","36","0001","11-20-801779"
"05","37","0001","11-20-801797"
"05","37","0002","11-20-801798"
"05","38","0001","11-20-801794"
"05","38","0003","11-20-373461"
"05","38","0005","11-20-801796"
"05","38","0006","11-20-801795"
"05","39","0001","11-20-801781"
"05","39","0004","11-20-363618"
"05","39","0005","11-20-801783"
"05","39","0006","11-20-363456"
"05","40","0001","11-20-801800"
"05","40","0002","11-20-378290"
"05","40","0003","11-20-377918"
"05","40","0007","11-20-801802"
"05","40","0008","11-20-379462"
"05","40","0009","01-20-41706000"
"05","40","0011","01-20-41711000"
"05","40","0014","11-20-377852"
"05","41","0001","11-10-801307"
"05","41","0002","11-10-801306"
"05","41","0003","11-10-801305"
"05","42","0001","11-10-801310"
"05","42","0002","11-10-801309"
"05","42","0003","11-10-801308"
"06","01","0013","11-30-803241"
"06","01","0014","11-30-803247"
"06","01","0018","11-30-803246"
"06","02","0002","11-30-803254"
"06","02","0013","11-30-803253"
"07","01","0006","11-24-513913"
"07","01","0007","11-24-802521"
"07","01","0008","11-24-802520"
"07","01","0010","11-24-513486"
"07","01","0016","11-24-513704"
"07","01","0017","11-24-802517"
"07","01","0018","11-24-802518"
"07","02","0003","11-24-802504"
"07","02","0005","11-24-802507"
"07","02","0007","11-24-802506"
"07","02","0008","11-24-512921"
"07","02","0009","11-24-512731"
"07","02","0010","11-24-802503"
"07","02","0011","11-24-802500"
"07","02","0012","11-24-802499"
"07","02","0013","11-24-513104"
"07","03","0002","11-24-802494"
"07","03","0003","11-24-802497"
"07","03","0004","11-24-512426"
"07","03","0007","11-24-802490"
"07","03","0008","11-24-802491"
"07","03","0009","11-24-512108"
"07","03","0010","11-24-512159"
"07","03","0011","11-24-512189"
"07","04","0003","11-24-516804"
"07","04","0005","11-24-802557"
"07","04","0008","11-24-802553"
"07","04","0010","11-24-802552"
"07","04","0011","11-24-516414"
"07","04","0014","11-24-802550"
"07","04","0015","11-24-802548"
"07","04","0016","11-24-516016"
"07","04","0017","11-24-802549"
"07","05","0001","11-24-802542"
"07","05","0004","11-24-515697"
"07","05","0007","11-24-802537"
"07","05","0010","11-24-802539"
"07","05","0011","11-24-802540"
"07","05","0012","11-24-802541"
"07","06","0005","11-24-514687"
"07","06","0006","11-24-802534"
"07","06","0007","11-24-802523"
"07","06","0011","11-24-802531"
"07","06","0012","11-24-802522"
"07","06","0014","11-24-802535"
"07","06","0016","11-24-802525"
"07","06","0017","11-24-802527"
"07","06","0018","11-24-802526"
"07","06","0021","11-24-802530"
"07","06","0022","11-24-802538"
"07","06","0023","11-24-514420"
"07","07","0001","11-24-802445"
"07","07","0002","11-24-802445"
"07","07","0003","11-24-507349"
"07","07","0005","11-24-507105"
"07","07","0006","11-24-802442"
"07","07","0008","11-24-802444"
"07","07","0009","11-24-802447"
"07","07","0010","11-24-507358"
"07","08","0001","11-24-802450"
"07","08","0002","11-24-508229"
"07","08","0004","11-24-802451"
"07","08","0005","11-24-802454"
"07","08","0006","11-24-802448"
"07","08","0007","11-24-508001"
"07","09","0001","11-24-802469"
"07","09","0002","11-24-802470"
"07","09","0003","11-24-802471"
"07","09","0004","11-24-802468"
"07","09","0005","11-24-802466"
"07","09","0006","11-24-510446"
"07","09","0007","11-24-802472"
"07","09","0008","11-24-510996"
"07","10","0001","11-24-802464"
"07","10","0002","11-24-802465"
"07","10","0005","11-24-802457"
"07","10","0006","11-24-802456"
"07","10","0010","11-24-802458"
"07","10","0011","11-24-802461"
"07","12","0000","11-24-802484"
"07","12","0001","11-24-802484"
"07","13","0001","11-24-802574"
"07","13","0002","11-24-802575"
"07","13","0003","11-24-517621"
"07","13","0005","11-24-802576"
"07","13","0006","11-24-802563"
"07","13","0009","11-24-802559"
"07","13","0010","11-24-802566"
"07","13","0011","11-24-802558"
"07","13","0012","11-24-802568"
"07","13","0015","11-24-802571"
"07","13","0016","11-24-802573"
"07","13","0017","11-24-802572"
"07","13","0018","11-24-517318"
"07","13","0019","11-24-802580"
"07","14","0001","11-24-802585"
"07","14","0002","11-24-802586"
"07","14","0004","11-24-519476"
"07","14","0005","11-24-802583"
"07","14","0006","11-24-802582"
"07","14","0009","11-24-802591"
"07","16","0002","11-24-802606"
"07","16","0006","11-24-522394"
"07","16","0007","11-24-802604"
"07","16","0008","11-24-802605"
"07","16","0009","11-24-802603"
"07","16","0010","11-24-521555"
"07","17","0001","11-24-802629"
"07","17","0002","11-24-802629"
"07","17","0003","11-24-802629"
"07","17","0004","11-24-802629"
"07","17","0005","11-24-802629"
"07","17","0006","11-24-802629"
"07","17","0007","11-24-802629"
"07","17","0008","11-24-802629"
"07","17","0009","11-24-802629"
"07","17","0010","11-24-802629"
"07","17","0011","11-24-802629"
"07","17","0012","11-24-802629"
"07","17","0013","11-24-802629"
"07","17","0014","11-24-802629"
"07","18","0009","11-24-802621"
"07","18","0010","11-24-802622"
"07","18","0011","11-24-802623"
"07","18","0014","11-24-802616"
"07","18","0018","11-24-802617"
"07","18","0024","11-24-523226"
"07","18","0025","11-24-802620"
"08","01","0001","11-06-800361"
"08","01","0004","11-06-800363"
"08","01","0005","11-06-800364"
"08","01","0006","11-06-800365"
"08","01","0007","11-06-800367"
"08","01","0008","11-06-800366"
"08","01","0009","11-06-057509"
"08","02","0001","11-06-058145"
"08","02","0006","11-06-800369"
"08","02","0010","11-06-058298"
"08","04","0001","11-06-800374"
"08","04","0002","11-06-800375"
"08","04","0003","11-06-800377"
"08","04","0004","11-06-800376"
"08","05","0001","11-06-800380"
"08","05","0004","11-06-800381"
"08","05","0005","11-06-059310"
"08","06","0001","11-06-800383"
"08","06","0002","11-06-800385"
"08","06","0003","11-06-800386"
"08","07","0001","11-06-800388"
"08","07","0002","11-06-800389"
"08","07","0003","11-06-800390"
"08","08","0001","11-06-800387"
"08","08","0002","11-06-800413"
"08","08","0003","11-06-800415"
"08","08","0004","11-06-800414"
"08","08","0005","91-08-0800103000"
"08","08","0006","11-06-800417"
"08","08","0007","11-06-800419"
"08","08","0008","11-06-800418"
"08","09","0002","11-06-800437"
"08","09","0003","11-06-800439"
"08","09","0004","11-06-800440"
"08","09","0005","11-06-800438"
"08","10","0001","11-06-800428"
"08","10","0002","11-06-800427"
"08","10","0003","11-06-800430"
"08","10","0007","11-06-800431"
"08","11","0001","11-06-800426"
"08","11","0002","11-06-800424"
"08","11","0003","11-06-800425"
"08","12","0001","11-06-800420"
"08","12","0002","11-06-800421"
"08","12","0003","11-06-800423"
"08","12","0004","11-06-800422"
"08","13","0001","11-06-800408"
"08","13","0002","11-06-800409"
"08","13","0003","11-06-800412"
"08","13","0004","11-06-800411"
"08","13","0005","11-06-061274"
"08","13","0006","11-06-800410"
"08","14","0001","11-06-800391"
"08","14","0002","11-06-800392"
"08","14","0003","11-06-800393"
"08","14","0004","11-06-800394"
"08","14","0005","11-06-800395"
"08","15","0001","11-06-800398"
"08","15","0002","11-06-800396"
"08","15","0003","11-06-060411"
"08","15","0004","11-06-800397"
"08","15","0005","11-06-061014"
"08","15","0006","11-06-800404"
"08","15","0007","11-06-800405"
"08","15","0008","11-06-800407"
"08","15","0009","11-06-800406"
"08","16","0001","11-06-800399"
"08","16","0002","11-06-800400"
"08","16","0003","11-06-800401"
"08","16","0004","11-06-800403"
"09","01","0001","11-02-800091"
"09","01","0002","11-02-800088"
"09","02","0001","11-02-800092"
"09","02","0002","11-02-800097"
"09","02","0003","11-02-800098"
"09","02","0005","11-02-800095"
"09","02","0006","11-02-800094"
"09","02","0007","11-02-800093"
"09","02","0008","11-02-800099"
"09","03","0001","11-02-800109"
"09","03","0002","11-02-800110"
"09","03","0003","11-02-800111"
"09","03","0004","11-02-800112"
"09","04","0001","11-02-800113"
"09","04","0002","11-02-800114"
"09","04","0003","11-02-800115"
"09","04","0004","11-02-800116"
"09","04","0005","11-02-800117"
"09","05","0001","11-02-800118"
"09","05","0002","11-02-800119"
"09","05","0003","11-02-800120"
"09","05","0004","11-02-800121"
"09","06","0001","11-02-800104"
"09","06","0002","11-02-800105"
"09","06","0004","11-02-800106"
"09","06","0005","11-02-800107"
"09","07","0002","11-02-800101"
"09","09","0001","11-02-800133"
"09","09","0002","11-02-800134"
"09","09","0003","11-02-800135"
"09","09","0006","11-02-024781"
"09","09","0007","11-02-800138"
"09","09","0008","11-02-800139"
"09","09","0009","11-02-800137"
"09","09","0010","11-02-800141"
"09","09","0011","11-02-800142"
"09","10","0001","11-02-800122"
"09","10","0003","11-02-800123"
"09","10","0004","11-02-800125"
"09","10","0005","11-02-800128"
"09","10","0007","11-02-800126"
"09","11","0001","11-02-800130"
"09","11","0002","11-02-022774"
"09","11","0003","11-02-800131"
"09","11","0004","11-02-800132"
"11","01","0001","11-29-803162"
"11","01","0002","11-29-803162"
"11","01","0003","11-29-803162"
"11","01","0004","11-29-803162"
"11","01","0005","11-29-803162"
"11","01","0006","11-29-803162"
"11","01","0007","11-29-803162"
"11","01","0008","11-29-803162"
"11","01","0009","11-29-803162"
"11","01","0010","11-29-803162"
"11","01","0011","11-29-803162"
"11","01","0012","11-29-803162"
"11","01","0013","11-29-803162"
"11","01","0014","11-29-803162"
"11","01","0015","11-29-803162"
"11","01","0016","11-29-803162"
"11","01","0017","11-29-803162"
"11","01","0018","11-29-803162"
"11","01","0019","11-29-803162"
"11","01","0020","11-29-803162"
"11","01","0021","11-29-803162"
"11","01","0022","11-29-803162"
"11","01","0023","11-29-803162"
"11","01","0024","11-29-803162"
"11","01","0025","11-29-803162"
"11","01","0026","11-29-803162"
"11","01","0027","11-29-803162"
"11","01","0028","11-29-803162"
"11","01","0029","11-29-803162"
"11","01","0030","11-29-803162"
"11","01","0031","11-29-803162"
"11","01","0032","11-29-803162"
"11","01","0033","11-29-803162"
"11","02","0007","11-29-803232"
"11","03","0003","11-29-803033"
"11","03","0007","11-29-803030"
"11","03","0009","11-29-597780"
"11","03","0012","11-29-598022"
"11","04","0001","11-29-598975"
"11","04","0009","11-29-803111"
"11","04","0012","11-29-803113"
"11","07","0003","11-29-803149"
"11","07","0005","11-29-803144"
"11","07","0009","11-29-803143"
"11","08","0003","11-29-803127"
"11","08","0005","11-29-803123"
"11","08","0006","11-29-803121"
"11","08","0007","11-29-803122"
"11","08","0008","11-29-803126"
"11","10","0004","11-29-803078"
"11","10","0016","11-29-803107"
"11","10","0020","11-29-803080"
"11","11","0004","11-29-803208"
"11","11","0006","11-29-803207"
"11","12","0001","11-29-803175"
"11","12","0009","11-29-803174"
"11","14","0001","11-29-803229"
"11","14","0007","11-29-803228"
"11","14","0015","11-29-803220"
"11","15","0003","11-29-803164"
"11","15","0007","11-29-803168"
"11","16","0009","11-29-803191"
"11","16","0015","11-29-803203"
"11","16","0018","11-29-803202"
"11","17","0010","11-29-601860"
"11","17","0011","11-29-803067"
"11","18","0004","11-29-803129"
"11","20","0006","91-11-2000113001"
"11","20","0012","11-29-602940"
"11","20","0014","11-29-803092"
"12","01","0001","11-32-627122"
"12","01","0002","11-32-803255"
"12","01","0003","11-32-803256"
"12","01","0004","11-32-803256"
"12","01","0005","11-32-803256"
"12","01","0006","11-32-803256"
"12","02","0001","11-32-803257"
"12","02","0002","11-32-803258"
"12","02","0011","11-32-627233"
"12","02","0020","11-32-803259"
"12","02","0021","11-32-803260"
"12","02","0022","11-32-627245"
"12","02","0030","11-32-803261"
"12","02","0037","11-32-627285"
"12","02","0044","11-32-627292"
"12","03","0001","11-32-803264"
"12","04","0001","11-32-627357"
"12","04","0002","11-32-627364"
"12","04","0003","11-32-803265"
"12","04","0009","11-32-627431"
"12","04","0010","11-32-627434"
"12","04","0011","11-32-627433"
"12","05","0001","11-32-803268"
"12","05","0002","11-32-803269"
"12","05","0003","11-32-803270"
"12","06","0001","11-32-803273"
"12","06","0002","11-32-803274"
"12","06","0003","11-32-627627"
"12","06","0005","11-32-803275"
"12","06","0006","11-32-803275"
"12","06","0007","11-32-803276"
"12","06","0008","11-32-627683"
"12","06","0009","11-32-803276"
"12","06","0025","11-32-803275"
"12","07","0001","11-32-803277"
"12","07","0002","11-32-627768"
"12","07","0006","11-32-803279"
"12","07","0033","91-12-0700111000"
"12","07","0034","11-32-803281"
"12","07","0035","11-32-627882"
"12","07","0036","11-32-803281"
"12","07","0038","11-32-803282"
"12","07","0039","11-32-803283"
"12","08","0001","11-32-803284"
"12","08","0004","11-32-627980"
"12","08","0005","11-32-627979"
"12","08","0007","11-32-627985"
"12","08","0009","11-32-803287"
"12","08","0013","11-32-627991"
"12","08","0014","11-32-627988"
"12","08","0015","11-32-627992"
"12","08","0016","11-32-803288"
"12","08","0019","11-32-628011"
"12","08","0021","11-32-628008"
"12","08","0023","11-32-803290"
"12","08","0024","11-32-628015"
"12","08","0025","11-32-803291"
"12","08","0026","11-32-628031"
"12","08","0027","11-32-628035"
"12","08","0028","11-32-803292"
"12","09","0002","11-32-803293"
"12","10","0001","11-32-803294"
"12","10","0002","11-32-628138"
"12","10","0003","11-32-803295"
"12","10","0004","11-32-803296"
"12","10","0005","11-32-628174"
"12","10","0006","11-32-803296"
"12","10","0007","11-32-803297"
"12","10","0008","11-32-628197"
"12","11","0002","11-32-628214"
"12","11","0003","11-32-628217"
"12","11","0004","11-32-803298"
"12","11","0005","11-32-803298"
"12","11","0006","11-32-803298"
"12","11","0007","11-32-803298"
"12","11","0010","11-32-628234"
"12","11","0012","11-32-803300"
"12","11","0013","11-32-628271"
"12","12","0001","11-32-803303"
"12","12","0002","11-32-803304"
"12","12","0003","11-32-628343"
"12","12","0004","11-32-803305"
"12","13","0006","91-12-1300300500"
"12","13","0007","11-32-803308"
"12","14","0001","11-32-803309"
"12","14","0002","11-32-628475"
"12","14","0003","11-32-803310"
"12","14","0004","11-32-803311"
"12","14","0010","11-32-803313"
"13","01","0001","11-23-802081"
"13","01","0002","11-23-802082"
"13","01","0003","11-23-802083"
"13","01","0004","11-23-802087"
"13","01","0005","11-23-802086"
"13","01","0006","11-23-802085"
"13","01","0007","11-23-802084"
"13","01","0008","11-23-802088"
"13","01","0010","11-23-802079"
"13","01","0011","11-23-802080"
"13","02","0002","11-23-802093"
"13","02","0003","11-23-802090"
"13","02","0005","11-23-802092"
"13","02","0006","11-23-802094"
"13","02","0007","11-23-802096"
"13","02","0008","11-23-802095"
"13","03","0001","11-23-802100"
"13","03","0002","11-23-802101"
"13","03","0005","11-23-454188"
"13","03","0007","11-23-802104"
"13","04","0003","11-23-802109"
"13","05","0002","11-23-802112"
"13","05","0004","11-23-802117"
"13","05","0005","11-23-802118"
"13","06","0001","11-23-802406"
"13","06","0002","11-23-802407"
"13","06","0003","11-23-802401"
"13","06","0004","11-23-802408"
"13","06","0006","11-23-802402"
"13","06","0007","11-23-802409"
"13","06","0008","11-23-802404"
"13","06","0009","11-23-802403"
"13","06","0010","11-23-802408"
"13","07","0003","11-23-802120"
"13","07","0004","11-23-802123"
"13","07","0010","11-23-802130"
"13","08","0002","11-23-802132"
"13","08","0008","11-23-802139"
"13","08","0009","11-23-802141"
"13","08","0011","11-23-802145"
"13","09","0001","11-23-802147"
"13","09","0002","11-23-802148"
"13","09","0005","11-23-802151"
"13","10","0001","11-23-802156"
"13","10","0002","11-23-802153"
"13","10","0003","11-23-459749"
"13","10","0004","11-23-802155"
"13","10","0005","11-23-802154"
"13","10","0006","11-23-802158"
"13","10","0007","11-23-802159"
"13","10","0009","11-23-802157"
"13","10","0010","11-23-802161"
"13","10","0012","11-23-802162"
"13","10","0013","11-23-802163"
"13","11","0001","11-23-802164"
"13","11","0002","11-23-802165"
"13","11","0003","11-23-802166"
"13","11","0004","11-23-802167"
"13","11","0005","11-23-802168"
"13","12","0005","11-23-802174"
"13","12","0006","11-23-802170"
"13","12","0007","91-13-1200105000"
"13","12","0009","11-23-802175"
"13","12","0010","11-23-802178"
"13","12","0011","11-23-802179"
"13","13","0001","11-23-802180"
"13","13","0002","11-23-802181"
"13","13","0005","11-23-802188"
"13","13","0006","11-23-802186"
"13","13","0009","11-23-802187"
"13","13","0010","11-23-802189"
"13","13","0011","11-23-802191"
"13","13","0012","11-23-802190"
"13","14","0001","11-23-802410"
"13","14","0003","11-23-802412"
"13","14","0004","11-23-802193"
"13","14","0005","11-23-802192"
"13","14","0006","11-23-802195"
"13","14","0008","11-23-802413"
"13","14","0010","11-23-802416"
"13","14","0011","11-23-802417"
"13","14","0012","11-23-802414"
"13","14","0013","11-23-802415"
"13","14","0014","11-23-501529"
"13","14","0015","11-23-501949"
"13","14","0016","11-23-501950"
"13","14","0018","11-23-802418"
"13","14","0020","11-23-802420"
"13","15","0001","11-23-802424"
"13","16","0004","11-23-802197"
"13","16","0005","11-23-802205"
"13","16","0006","11-23-469140"
"13","16","0007","11-23-802202"
"13","16","0008","11-23-802203"
"13","16","0009","11-23-802200"
"13","16","0010","11-23-802209"
"13","16","0011","11-23-802201"
"13","16","0015","11-23-802210"
"13","16","0016","11-23-802211"
"13","16","0017","11-23-802213"
"13","16","0018","11-23-802212"
"13","17","0001","11-23-802218"
"13","17","0002","11-23-802219"
"13","17","0003","11-23-802216"
"13","17","0004","11-23-802215"
"13","17","0005","11-23-802217"
"13","17","0006","11-23-802221"
"13","17","0008","11-23-802222"
"13","17","0009","11-23-471043"
"13","18","0001","11-23-802227"
"13","18","0002","11-23-802225"
"13","18","0003","11-23-802224"
"13","18","0004","11-23-802226"
"13","18","0005","11-23-802228"
"13","18","0006","11-23-802230"
"13","18","0007","11-23-802231"
"13","19","0004","11-23-802236"
"13","19","0006","11-23-802237"
"13","19","0007","11-23-802238"
"13","19","0008","11-23-802239"
"13","19","0009","11-23-802241"
"13","19","0011","11-23-802240"
"13","20","0002","11-23-802248"
"13","20","0008","11-23-802256"
"13","21","0003","11-23-802427"
"13","21","0004","11-23-802429"
"13","21","0006","11-23-802431"
"13","21","0007","11-23-802432"
"13","21","0008","11-23-802433"
"13","22","0001","11-23-802257"
"13","22","0002","11-23-802259"
"13","22","0003","11-23-802260"
"13","22","0004","11-23-802261"
"13","22","0005","11-23-475533"
"13","22","0006","11-23-802265"
"13","22","0007","11-23-802266"
"13","22","0008","11-23-802263"
"13","22","0009","11-23-802267"
"13","23","0002","11-23-802272"
"13","23","0005","11-23-802273"
"13","24","0002","11-23-802280"
"13","24","0003","11-23-802281"
"13","24","0005","11-23-802282"
"13","24","0006","11-23-802286"
"13","24","0007","11-23-802285"
"13","24","0008","11-23-802287"
"13","24","0010","11-23-802283"
"13","24","0011","11-23-802284"
"13","24","0012","11-23-802291"
"13","25","0001","01-23-42902000"
"13","25","0002","11-23-802437"
"13","25","0003","11-23-802435"
"13","25","0004","11-23-802438"
"13","25","0005","11-23-802441"
"13","25","0006","11-23-802439"
"13","25","0007","11-23-802440"
"13","26","0003","11-23-802294"
"13","26","0004","11-23-802298"
"13","26","0005","11-23-802296"
"13","26","0006","11-23-802299"
"13","26","0007","11-23-802297"
"13","26","0008","11-23-802301"
"13","26","0009","11-23-802303"
"13","26","0012","11-23-802300"
"13","27","0001","11-23-802305"
"13","27","0002","11-23-802306"
"13","27","0003","11-23-802307"
"13","27","0004","11-23-802308"
"13","27","0005","11-23-802310"
"13","28","0001","11-23-802311"
"13","28","0002","11-23-802312"
"13","29","0001","11-23-802314"
"13","29","0002","11-23-802317"
"13","29","0003","11-23-802315"
"13","29","0004","11-23-802318"
"13","29","0007","11-23-802319"
"13","30","0001","11-23-802325"
"13","30","0002","11-23-802324"
"13","30","0003","11-23-802323"
"13","30","0005","11-23-802332"
"13","30","0006","11-23-802330"
"13","30","0009","11-23-802329"
"13","31","0001","11-23-802335"
"13","31","0002","11-23-802338"
"13","31","0004","11-23-802336"
"13","31","0006","11-23-802333"
"13","32","0001","11-23-802346"
"13","32","0002","11-23-802349"
"13","32","0003","11-23-802348"
"13","32","0004","11-23-802347"
"13","32","0007","11-23-487509"
"13","32","0008","11-23-487413"
"13","32","0009","11-23-487919"
"13","32","0010","11-23-802350"
"13","32","0011","11-23-802344"
"13","32","0012","11-23-802343"
"13","32","0013","11-23-802342"
"13","32","0014","11-23-802341"
"13","33","0005","11-23-802356"
"13","33","0006","11-23-802355"
"13","33","0007","11-23-802357"
"13","33","0008","11-23-802364"
"13","33","0014","11-23-490248"
"13","34","0001","11-23-802365"
"13","34","0002","11-23-802367"
"13","34","0003","11-23-802368"
"13","34","0004","11-23-802366"
"13","34","0005","11-23-491055"
"13","35","0001","11-23-802370"
"13","35","0002","11-23-802371"
"13","35","0003","11-23-802373"
"13","35","0004","11-23-802376"
"13","35","0005","11-23-802374"
"13","36","0007","11-23-802380"
"13","36","0008","11-23-494680"
"13","36","0009","11-23-802385"
"13","36","0011","01-23-44311000"
"13","36","0018","11-23-495003"
"13","36","0019","11-23-802387"
"13","36","0022","11-23-802391"
"13","37","0001","11-23-802392"
"13","37","0002","11-23-495758"
"13","37","0003","11-23-802393"
"13","37","0004","11-23-802394"
"13","38","0001","11-23-802398"
"13","38","0002","11-23-498469"
"13","38","0003","11-23-802397"
"13","38","0004","11-23-802395"
"13","38","0005","11-23-802396"
"13","38","0006","11-23-497374"
"13","39","0001","11-22-801917"
"13","39","0002","11-22-801910"
"13","39","0003","91-13-3900102000"
"13","39","0004","11-22-801911"
"13","39","0006","91-13-3900105000"
"13","39","0007","11-22-801923"
"13","39","0008","11-22-801924"
"13","39","0011","91-13-3900202000"
"13","39","0013","91-13-3900203000"
"13","39","0015","91-13-3900201000"
"14","01","0001","11-27-802794"
"14","02","0001","11-27-802787"
"14","02","0002","11-27-802786"
"14","02","0003","11-27-802788"
"14","02","0014","11-27-802782"
"14","02","0015","11-27-802783"
"14","02","0016","11-27-552182"
"14","02","0017","11-27-802789"
"14","02","0020","11-27-552914"
"14","02","0021","11-27-553290"
"14","02","0022","11-27-802790"
"14","02","0023","11-27-802791"
"14","03","0001","11-27-802801"
"14","03","0002","11-27-554160"
"14","03","0003","11-27-802795"
"14","03","0004","11-27-553350"
"14","03","0005","11-27-802796"
"14","03","0007","11-27-802797"
"14","03","0008","11-27-553695"
"14","03","0009","11-27-802798"
"14","03","0010","11-27-802799"
"14","03","0011","11-27-802800"
"14","03","0012","11-27-554547"
"14","03","0013","11-27-802803"
"14","03","0014","11-27-554734"
"14","03","0015","11-27-802805"
"14","03","0016","11-27-554960"
"14","03","0017","11-27-802804"
"14","03","0018","11-27-802802"
"14","04","0001","11-27-802875"
"14","04","0005","11-27-802873"
"14","04","0006","11-27-802874"
"14","04","0007","11-27-565265"
"14","04","0008","11-27-802876"
"14","05","0001","11-27-566839"
"14","05","0002","11-27-802878"
"14","05","0003","11-27-802880"
"14","05","0004","11-27-802879"
"14","06","0001","11-27-802776"
"14","06","0004","11-27-802777"
"14","06","0005","11-27-802771"
"14","06","0006","11-27-802772"
"14","06","0007","11-27-550218"
"14","06","0008","11-27-550516"
"14","06","0009","11-27-802774"
"14","06","0010","11-27-802773"
"14","06","0011","11-27-802781"
"14","06","0014","11-27-802780"
"14","06","0015","11-27-802779"
"14","06","0016","11-27-551139"
"14","07","0001","11-27-802646"
"14","07","0002","11-27-802643"
"14","07","0003","11-27-802642"
"14","07","0004","11-27-802640"
"14","07","0005","11-27-525193"
"14","07","0006","11-27-802641"
"14","07","0007","11-27-802644"
"14","07","0008","11-27-802645"
"14","08","0001","11-27-802653"
"14","08","0002","11-27-802647"
"14","08","0003","11-27-802648"
"14","08","0004","11-27-802649"
"14","08","0005","11-27-802651"
"14","08","0006","11-27-802650"
"14","08","0007","11-27-802652"
"14","08","0012","11-27-802660"
"14","08","0013","11-27-802659"
"14","08","0014","11-27-802657"
"14","08","0015","11-27-802655"
"14","08","0016","11-27-802654"
"14","08","0017","11-27-802656"
"14","09","0002","11-27-802829"
"14","09","0003","11-27-802830"
"14","09","0004","11-27-802831"
"14","09","0005","11-27-802826"
"14","09","0006","01-27-42608000"
"14","09","0007","11-27-802827"
"14","09","0008","11-27-802832"
"14","09","0009","11-27-802822"
"14","09","0010","11-27-802823"
"14","10","0001","11-27-802814"
"14","10","0004","11-27-802811"
"14","10","0009","91-14-1000300600"
"14","10","0019","11-27-802808"
"14","10","0020","11-27-802806"
"14","10","0021","11-27-802807"
"14","10","0022","11-27-802816"
"14","10","0023","11-27-802821"
"14","10","0026","11-27-802820"
"14","10","0030","11-27-802819"
"14","10","0031","11-27-556054"
"14","10","0032","11-27-802809"
"14","11","0001","11-27-802869"
"14","11","0002","11-27-802865"
"14","11","0003","11-27-802868"
"14","11","0004","11-27-563744"
"14","11","0005","11-27-563650"
"14","11","0006","11-27-802866"
"14","11","0007","11-27-802867"
"14","11","0008","11-27-802870"
"14","11","0009","11-27-564465"
"14","12","0004","11-27-802894"
"14","12","0005","11-27-802893"
"14","12","0006","11-27-802891"
"14","12","0007","11-27-802892"
"14","12","0008","01-27-43502000"
"14","13","0001","11-27-802856"
"14","13","0002","11-27-802855"
"14","13","0003","11-27-802860"
"14","13","0006","11-27-802859"
"14","13","0007","11-27-802857"
"14","13","0008","11-27-802858"
"14","13","0009","11-27-802853"
"14","13","0010","11-27-802854"
"14","14","0001","11-27-802887"
"14","14","0002","11-27-567498"
"14","14","0003","11-27-802882"
"14","14","0004","11-27-802884"
"14","14","0005","11-27-802883"
"14","14","0006","11-27-567320"
"14","14","0007","11-27-802885"
"14","14","0008","11-27-802886"
"14","14","0011","11-27-802890"
"14","14","0012","11-27-802881"
"14","15","0001","11-27-802765"
"14","15","0002","11-27-802766"
"14","15","0003","11-27-802767"
"14","15","0004","11-27-802763"
"14","15","0005","11-27-802770"
"14","15","0006","11-27-802769"
"14","15","0007","11-27-802768"
"14","15","0008","11-27-802764"
"14","16","0001","11-27-802760"
"14","16","0002","11-27-802759"
"14","16","0003","11-27-802762"
"14","16","0004","11-27-802761"
"14","17","0001","11-27-802753"
"14","17","0002","11-27-802758"
"14","17","0003","11-27-802752"
"14","17","0004","11-27-802748"
"14","17","0005","11-27-802749"
"14","17","0006","11-27-802750"
"14","17","0007","11-27-802757"
"14","17","0008","11-27-802756"
"14","17","0009","11-27-802751"
"14","17","0010","11-27-802754"
"14","17","0011","11-27-802755"
"14","18","0001","11-27-802835"
"14","18","0002","11-27-802833"
"14","18","0003","11-27-802834"
"14","18","0006","11-27-802837"
"14","18","0007","11-27-558895"
"14","19","0002","11-27-544924"
"14","19","0003","11-27-802738"
"14","19","0004","11-27-802736"
"14","19","0005","11-27-802735"
"14","19","0006","11-27-802740"
"14","19","0010","11-27-802747"
"14","19","0011","11-27-802746"
"14","19","0012","11-27-802745"
"14","19","0013","11-27-802744"
"14","20","0001","11-27-802848"
"14","20","0002","11-27-802847"
"14","20","0007","11-27-802845"
"14","20","0008","11-27-802846"
"14","21","0001","11-27-802840"
"14","21","0002","11-27-802841"
"14","21","0003","11-27-802844"
"14","21","0004","11-27-802843"
"14","21","0005","11-27-802842"
"14","22","0001","11-27-802669"
"14","22","0002","11-27-802665"
"14","22","0003","11-27-802664"
"14","22","0004","11-27-802662"
"14","22","0005","11-27-802663"
"14","22","0006","11-27-802666"
"14","22","0007","11-27-802668"
"14","22","0008","11-27-802667"
"14","22","0009","11-27-802672"
"14","22","0010","11-27-802671"
"14","22","0011","11-27-802670"
"14","23","0001","11-27-802676"
"14","23","0002","11-27-802674"
"14","23","0003","11-27-802677"
"14","23","0004","11-27-802680"
"14","23","0005","11-27-802679"
"14","23","0006","11-27-802681"
"14","23","0007","11-27-802682"
"14","23","0008","11-27-802678"
"14","23","0009","11-27-802675"
"14","23","0010","11-27-802673"
"14","24","0001","11-27-802690"
"14","24","0003","11-27-802688"
"14","24","0004","11-27-802689"
"14","24","0005","11-27-802693"
"14","24","0006","11-27-802692"
"14","24","0007","11-27-802691"
"14","24","0008","11-27-802684"
"14","24","0009","11-27-802683"
"14","24","0010","11-27-802685"
"14","24","0011","11-27-802686"
"14","25","0001","11-27-802727"
"14","25","0002","11-27-542504"
"14","25","0003","11-27-802734"
"14","25","0004","11-27-544100"
"14","25","0005","11-27-802733"
"14","25","0006","11-27-802732"
"14","25","0007","11-27-802731"
"14","25","0008","11-27-802730"
"14","25","0009","11-27-802729"
"14","25","0010","11-27-802728"
"14","26","0001","11-27-802696"
"14","26","0002","11-27-802695"
"14","26","0003","11-27-802699"
"14","26","0004","11-27-802697"
"14","26","0005","11-27-802698"
"14","26","0006","11-27-802694"
"14","27","0001","11-27-802710"
"14","27","0008","11-27-535453"
"14","27","0009","11-27-802707"
"14","27","0010","11-27-535810"
"14","27","0011","01-27-40911000"
"14","27","0012","11-27-802708"
"14","27","0016","11-27-802711"
"14","27","0017","11-27-535970"
"14","27","0018","11-27-536124"
"14","27","0019","11-27-802702"
"14","28","0001","11-27-802713"
"14","28","0002","11-27-536901"
"14","28","0003","11-27-802712"
"14","28","0006","11-27-802715"
"14","28","0007","11-27-802716"
"14","28","0008","11-27-802714"
"14","29","0002","11-27-802721"
"14","29","0004","11-27-541339"
"14","29","0005","11-27-802724"
"14","29","0008","11-27-802719"
"14","29","0009","11-27-802723"
"14","29","0012","11-27-802720"
"14","30","0001","11-27-802718"
"14","30","0002","11-27-802717"
"15","03","0001","91-15-0300100000"
"15","04","0001","11-14-801496"
"15","05","0002","11-14-801479"
"15","07","0007","11-14-270116"
"15","07","0011","11-14-801490"
"15","07","0012","11-14-801489"
"15","07","0013","11-14-801493"
"16","02","0001","11-17-801544"
"16","04","0001","11-17-801538"
"17","01","0003","11-15-801499"
"17","01","0004","11-15-801505"
"17","01","0005","11-15-801501"
"17","01","0007","11-15-801503"
"17","01","0009","11-15-801506"
"17","01","0010","11-15-801504"
"17","01","0011","11-15-801513"
"17","01","0012","11-15-801512"
"17","01","0013","11-15-801507"
"17","01","0014","11-15-801508"
"17","01","0015","11-15-801509"
"17","01","0017","11-15-801510"
"17","02","0001","11-15-801517"
"17","02","0002","11-15-801516"
"17","02","0003","11-15-801516"
"17","03","0001","11-15-801519"
"18","01","0003","11-13-801458"
"18","02","0001","11-13-801460"
"18","03","0001","11-13-801455"
"18","06","0001","11-13-801462"
"19","01","0005","11-21-801808"
"19","01","0008","11-21-801813"
"19","01","0010","11-21-801811"
"19","01","0011","11-21-801806"
"19","02","0002","11-21-801816"
"19","03","0003","11-21-801823"
"19","03","0006","11-21-386860"
"19","05","0003","11-21-801832"
"19","05","0004","11-21-801835"
"19","05","0007","11-21-801831"
"19","06","0001","11-21-801845"
"19","06","0005","11-21-801840"
"19","06","0006","11-21-801843"
"19","06","0007","11-21-801842"
"19","07","0003","11-21-801849"
"19","08","0001","11-21-801886"
"19","08","0002","11-21-801884"
"19","09","0001","11-21-801891"
"19","09","0003","11-21-801893"
"19","09","0004","11-21-801890"
"19","10","0001","11-21-801894"
"19","10","0002","11-21-801895"
"19","10","0003","11-21-801898"
"19","10","0004","11-21-801897"
"19","10","0005","11-21-801896"
"19","11","0002","11-21-801906"
"19","11","0003","11-21-801907"
"19","11","0006","11-21-801902"
"19","12","0015","11-21-801876"
"19","13","0006","11-21-801863"
"19","13","0010","11-21-801853"
"20","01","0001","11-03-800143"
"20","01","0002","11-03-800144"
"20","01","0011","11-03-800150"
"20","01","0012","11-03-800151"
"20","02","0001","11-03-800246"
"20","02","0002","11-03-800248"
"20","02","0006","11-03-800251"
"20","02","0007","11-03-800253"
"20","02","0008","11-03-800254"
"20","02","0009","11-03-800255"
"20","02","0010","11-03-038244"
"20","03","0001","11-03-800203"
"20","03","0002","11-03-034220"
"20","03","0003","11-03-800205"
"20","03","0005","11-03-800207"
"20","03","0008","11-03-800212"
"20","03","0009","11-03-800213"
"20","03","0010","11-03-800214"
"20","04","0001","11-03-800199"
"20","04","0002","11-03-800198"
"20","04","0003","11-03-033755"
"20","04","0004","11-03-800197"
"20","04","0005","11-03-800196"
"20","04","0006","11-03-800189"
"20","04","0007","11-03-800190"
"20","04","0008","11-03-800194"
"20","04","0009","11-03-800192"
"20","04","0010","11-03-800191"
"20","05","0003","11-03-800182"
"20","05","0006","11-03-800164"
"20","05","0007","11-03-800161"
"20","05","0008","11-03-800160"
"20","05","0009","11-03-800166"
"20","05","0013","11-03-800170"
"20","06","0001","11-03-800155"
"20","06","0002","11-03-800157"
"20","06","0003","11-03-800158"
"20","07","0007","11-03-800176"
"20","07","0009","11-03-800179"
"20","08","0001","91-20-0800101002"
"20","08","0002","11-03-800258"
"20","08","0003","11-03-800257"
"20","08","0006","11-03-800262"
"20","08","0007","01-03-40709000"
"20","08","0008","11-03-800266"
"20","09","0005","11-03-800245"
"20","09","0008","11-03-800238"
"20","09","0009","11-03-800237"
"20","09","0010","11-03-800240"
"20","09","0011","11-03-800186"
"20","09","0012","11-03-800187"
"20","10","0001","11-03-800269"
"20","10","0002","11-03-800270"
"20","10","0003","11-03-800271"
"20","10","0006","11-03-800276"
"20","10","0008","11-03-800278"
"20","10","0010","11-03-800281"
"20","10","0012","11-03-800284"
"20","11","0001","11-03-800223"
"20","11","0003","11-03-800226"
"20","11","0009","11-03-800236"
"20","11","0010","11-03-800234"
"20","11","0011","11-03-800233"
"20","12","0002","11-03-800202"
"20","12","0005","11-03-800220"
"20","12","0007","11-03-800217"
"20","12","0008","11-03-800215"
"20","12","0009","11-03-800216"
"21","01","0003","11-08-800446"
"21","01","0006","11-08-800455"
"21","01","0013","11-08-800453"
"21","02","0003","11-08-800461"
"21","02","0004","11-08-800462"
"21","03","0005","11-08-800467"
"21","03","0006","11-08-800463"
"21","03","0010","11-08-800472"
"21","04","0004","11-08-800477"
"21","04","0006","11-08-800479"
"21","04","0007","11-08-800481"
"21","05","0004","11-08-800488"
"21","05","0005","11-08-800490"
"21","05","0007","11-08-073683"
"21","06","0001","11-08-800493"
"21","06","0003","11-08-800495"
"21","06","0006","11-08-800498"
"21","06","0007","91-21-0600300200"
"21","06","0010","11-08-800501"
"21","07","0001","11-08-800502"
"21","07","0002","11-08-800503"
"21","07","0003","11-08-800504"
"21","08","0001","11-08-078282"
"21","08","0006","11-08-800509"
"21","10","0002","11-08-800525"
"21","10","0003","11-08-800526"
"21","10","0004","11-08-800527"
"21","11","0002","11-08-800570"
"21","11","0003","11-08-800573"
"21","11","0004","11-08-800568"
"21","11","0005","11-08-800571"
"21","11","0006","11-08-800572"
"21","11","0008","11-08-800575"
"21","12","0004","11-08-800578"
"21","12","0006","11-08-800581"
"21","13","0001","11-08-800547"
"21","13","0002","11-08-800548"
"21","14","0001","11-08-800543"
"21","14","0002","11-08-800544"
"21","15","0009","11-08-083491"
"21","15","0010","11-08-800541"
"21","16","0004","11-08-800560"
"21","16","0006","11-08-800561"
"21","17","0001","11-08-800549"
"21","17","0002","11-08-800550"
"21","18","0001","11-08-800551"
"21","18","0002","11-08-800553"
"21","18","0003","11-08-800552"
"21","19","0001","11-08-800554"
"21","19","0002","11-08-800555"
"21","19","0004","11-08-090133"
"21","19","0006","11-08-800558"
"21","20","0001","11-08-800588"
"21","20","0003","11-08-800590"
"21","20","0007","11-08-800592"
"21","21","0003","11-08-800597"
"21","21","0004","11-08-800598"
"21","21","0009","11-08-108047"
"21","22","0002","11-08-800604"
"21","22","0003","11-08-800605"
"21","22","0005","11-08-800607"
"21","22","0008","11-08-800628"
"21","23","0002","11-08-800600"
"21","23","0003","11-08-098173"
"21","24","0001","11-08-098875"
"21","24","0003","11-08-800601"
"21","24","0004","11-08-800602"
"21","25","0002","11-08-800587"
"21","25","0004","11-08-800584"
"21","26","0003","11-08-800615"
"21","26","0004","11-08-800609"
"21","26","0006","11-08-102332"
"21","26","0007","11-08-800611"
"21","26","0008","11-08-102333"
"21","26","0009","11-08-102334"
"21","27","0001","11-08-103985"
"21","27","0002","11-08-800617"
"21","27","0003","11-08-800618"
"21","27","0004","11-08-800619"
"21","27","0005","11-08-104837"
"21","27","0006","11-08-800620"
"21","27","0009","11-08-105388"
"22","01","0001","11-11-801416"
"22","02","0002","11-11-801422"
"22","02","0003","11-11-801423"
"22","03","0002","11-11-801420"
"23","02","0001","11-33-803314"
"23","02","0007","11-33-803319"
"23","02","0008","11-33-803321"
"23","02","0013","11-33-803366"
"23","02","0033","11-33-629168"
"23","02","0073","11-33-803361"
"23","02","0074","11-33-803364"
"23","02","0075","11-33-803370"
"23","02","0076","11-33-803368"
"23","02","0077","11-33-803372"
"23","02","0078","11-33-630208"
"23","03","0004","11-33-803382"
"23","03","0007","11-33-803386"
"23","03","0008","11-33-803376"
"23","03","0010","11-33-630366"
"23","03","0012","11-33-803379"
"23","03","0014","11-33-630472"
"23","03","0020","11-33-630910"
"23","03","0021","11-33-803401"
"23","03","0023","11-33-630912"
"23","03","0025","11-33-803392"
"23","03","0028","11-33-803407"
"23","03","0029","11-33-630968"
"23","03","0030","11-33-630970"
"23","03","0031","11-33-803409"
"23","03","0032","11-33-803410"
"23","04","0001","11-33-803951"
"23","04","0002","11-33-803957"
"23","04","0005","11-33-803944"
"23","04","0006","11-33-803942"
"23","05","0001","11-33-803413"
"23","05","0002","11-33-803415"
"23","05","0003","11-33-803412"
"23","05","0004","11-33-803418"
"23","05","0005","11-33-803422"
"23","06","0001","11-33-803427"
"23","06","0002","11-33-803431"
"23","06","0003","11-33-803434"
"23","06","0004","11-33-803435"
"23","06","0005","11-33-803440"
"23","06","0007","11-33-803646"
"23","06","0009","11-33-636738"
"23","06","0010","11-33-803650"
"23","06","0011","11-33-636665"
"23","06","0012","11-33-803651"
"23","06","0013","11-33-803664"
"23","06","0014","11-33-803663"
"23","07","0001","11-33-803452"
"23","07","0002","11-33-803454"
"23","07","0006","11-33-803456"
"23","07","0038","11-33-803473"
"23","07","0039","11-33-634479"
"23","07","0040","11-33-803487"
"23","07","0041","11-33-803493"
"23","07","0042","11-33-803494"
"23","07","0044","11-33-634383"
"23","07","0047","11-33-803481"
"23","07","0049","11-33-803493"
"23","07","0050","11-33-803497"
"23","08","0001","11-33-803505"
"23","08","0002","11-33-803509"
"23","08","0003","11-33-803509"
"23","08","0004","11-33-803523"
"23","08","0005","11-33-634896"
"23","08","0006","11-33-803505"
"23","08","0007","11-33-803523"
"23","08","0008","11-33-804020"
"23","08","0009","11-33-635020"
"23","08","0010","11-33-635021"
"23","08","0016","11-33-803543"
"23","08","0018","11-33-804018"
"23","08","0019","11-33-804018"
"23","09","0001","11-33-803560"
"23","09","0002","11-33-803559"
"23","09","0003","11-33-803558"
"23","09","0004","11-33-803561"
"23","09","0005","11-33-803564"
"23","09","0006","11-33-803563"
"23","09","0007","11-33-635087"
"23","09","0008","11-33-803565"
"23","09","0009","11-33-635107"
"23","09","0010","11-33-803566"
"23","09","0012","11-33-803572"
"23","09","0013","11-33-803567"
"23","10","0002","11-33-803962"
"23","10","0003","11-33-804021"
"23","10","0004","11-33-804022"
"23","10","0005","11-33-803969"
"23","10","0007","11-33-803972"
"23","10","0009","11-33-644442"
"23","10","0016","11-33-803984"
"23","10","0017","11-33-803988"
"23","10","0021","11-33-644473"
"23","10","0022","11-33-803996"
"23","10","0024","11-33-644800"
"23","10","0025","11-33-804024"
"23","10","0029","11-33-803966"
"23","10","0031","11-33-803961"
"23","10","0033","11-33-644593"
"23","10","0034","11-33-644594"
"23","10","0035","11-33-804004"
"23","10","0038","11-33-804029"
"23","10","0039","11-33-644880"
"23","10","0040","11-33-804010"
"23","11","0001","11-33-803574"
"23","11","0004","11-33-803581"
"23","11","0005","11-33-803585"
"23","11","0006","11-33-803589"
"23","11","0007","11-33-803592"
"23","11","0008","11-33-803595"
"23","11","0009","11-33-803600"
"23","11","0010","11-33-803598"
"23","12","0001","11-33-803623"
"23","12","0002","11-33-803639"
"23","12","0003","11-33-803645"
"23","12","0004","11-33-803626"
"23","12","0005","11-33-803628"
"23","12","0006","11-33-803629"
"23","12","0007","11-33-803625"
"23","12","0016","11-33-803613"
"23","12","0029","11-33-803634"
"23","12","0030","11-33-803635"
"23","13","0001","11-33-803668"
"23","14","0005","11-33-803721"
"23","14","0006","11-33-803720"
"23","14","0007","91-23-1400106000"
"23","14","0008","91-23-1400107000"
"23","14","0009","11-33-803724"
"23","15","0004","11-33-640126"
"23","15","0010","11-33-803734"
"23","15","0011","11-33-803736"
"23","15","0012","11-33-803735"
"23","15","0015","11-33-803739"
"23","17","0001","11-33-803794"
"23","17","0002","11-33-803798"
"23","17","0003","11-33-641369"
"23","17","0004","11-33-641370"
"23","17","0005","11-33-803801"
"23","17","0007","11-33-803796"
"23","17","0008","11-33-641314"
"23","17","0009","11-33-641313"
"23","17","0010","11-33-641311"
"23","17","0011","11-33-641315"
"23","17","0012","11-33-641317"
"23","17","0014","11-33-641767"
"23","17","0017","11-33-641210"
"23","17","0018","11-33-803789"
"23","18","0001","11-33-803803"
"23","18","0002","11-33-641832"
"23","18","0003","11-33-803805"
"23","18","0004","11-33-803808"
"23","18","0005","11-33-803806"
"23","18","0007","11-33-803812"
"23","18","0009","11-33-803813"
"23","19","0002","11-33-803818"
"23","19","0005","11-33-803820"
"23","19","0015","11-33-642516"
"23","19","0018","11-33-803824"
"23","19","0022","11-33-642577"
"23","19","0024","11-33-642589"
"23","19","0027","11-33-803835"
"23","19","0028","11-33-642606"
"23","20","0001","11-33-803839"
"23","20","0002","11-33-803841"
"23","20","0003","11-33-803855"
"23","20","0004","91-23-2000300300"
"23","20","0005","11-33-803843"
"23","20","0006","11-33-803849"
"23","20","0014","11-33-803846"
"23","20","0015","91-23-2000300600"
"23","20","0017","91-23-2000300200"
"23","20","0019","11-33-642993"
"23","20","0023","11-33-803875"
"23","20","0024","11-33-803879"
"23","21","0001","11-33-803886"
"23","21","0004","11-33-803927"
"23","21","0005","11-33-803939"
"25","01","0001","11-05-800288"
"25","01","0002","11-05-800287"
"25","01","0003","11-05-800289"
"25","02","0001","11-05-800292"
"25","02","0002","11-05-800291"
"25","02","0005","11-05-800290"
"25","02","0006","11-05-800297"
"25","02","0007","11-05-800293"
"25","02","0008","11-05-800296"
"25","03","0001","11-05-800300"
"25","03","0002","11-05-800302"
"25","03","0003","11-05-800303"
"25","03","0004","11-05-800299"
"25","03","0005","11-05-800298"
"25","04","0002","11-05-800310"
"25","04","0003","11-05-800311"
"25","04","0014","11-05-800305"
"25","04","0016","11-05-800304"
"25","05","0001","11-05-800319"
"25","05","0003","91-25-0500102000"
"25","05","0005","11-05-800317"
"25","05","0006","11-05-800318"
"25","06","0001","11-05-800322"
"25","06","0002","11-05-800320"
"25","06","0004","11-05-800321"
"25","07","0001","11-05-800327"
"25","07","0002","11-05-800326"
"25","07","0003","11-05-800324"
"25","07","0004","11-05-800323"
"25","07","0005","11-05-800325"
"25","08","0001","11-05-800335"
"25","08","0002","11-05-800339"
"25","08","0003","11-05-800346"
"25","08","0004","11-05-800331"
"25","08","0008","11-05-800347"
"25","08","0009","11-05-800344"
"25","08","0010","11-05-800351"
"25","08","0014","11-05-800348"
"25","08","0015","11-05-800350"
"25","08","0018","11-05-054471"
"25","09","0001","11-09-800665"
"25","09","0002","11-09-800661"
"25","09","0003","11-09-800668"
"25","09","0006","11-09-800677"
"25","09","0009","11-09-800673"
"25","09","0010","11-09-800667"
"25","09","0011","11-09-800670"
"25","09","0012","11-09-800675"
"25","09","0013","11-09-800669"
"25","09","0015","11-09-800666"
"25","09","0016","11-09-800664"
"25","09","0017","11-09-800660"
"25","09","0018","11-09-800676"
"25","09","0019","11-09-800662"
"25","09","0020","11-09-112564"
"25","10","0001","11-09-800682"
"25","10","0002","11-09-800682"
"25","10","0003","11-09-800702"
"25","10","0004","11-09-800686"
"25","10","0005","11-09-800689"
"25","10","0006","11-09-800704"
"25","10","0007","11-09-800684"
"25","10","0009","11-09-800699"
"25","10","0010","11-09-800678"
"25","10","0011","11-09-800687"
"25","10","0012","11-09-800679"
"25","10","0013","11-09-800701"
"25","10","0014","11-09-800685"
"25","10","0016","11-09-800681"
"25","10","0018","11-09-800688"
"25","10","0019","11-09-800705"
"25","10","0020","11-09-800680"
"25","10","0022","11-09-800703"
"25","11","0001","11-09-800695"
"25","11","0002","11-09-800692"
"25","11","0003","11-09-800693"
"25","11","0004","11-09-800696"
"25","11","0005","11-09-800691"
"25","11","0006","11-09-800697"
"25","11","0007","11-09-800694"
"25","11","0008","11-09-800690"
"25","12","0001","11-09-800629"
"25","12","0002","11-09-800637"
"25","12","0003","11-09-800635"
"25","12","0004","11-09-800639"
"25","12","0006","11-09-800630"
"25","12","0008","11-09-800638"
"25","13","0001","11-05-800359"
"25","13","0002","11-05-800358"
"25","13","0003","11-05-800353"
"25","13","0006","11-05-800360"
"25","13","0007","11-05-800357"
"25","14","0001","11-09-800652"
"25","14","0002","11-09-800645"
"25","14","0003","11-09-800642"
"25","14","0004","11-09-800656"
"25","14","0005","11-09-800643"
"25","14","0006","11-09-800648"
"25","14","0007","11-09-800654"
"25","14","0008","11-09-800659"
"25","14","0009","11-09-800651"
"25","14","0010","11-09-800649"
"25","14","0011","11-09-800650"
"25","14","0012","11-09-800658"
"25","14","0014","11-09-800653"
"25","14","0016","11-09-800657"
"25","14","0020","11-09-800647"
"25","15","0001","11-09-800716"
"25","15","0002","11-09-800717"
"25","15","0003","11-09-800723"
"25","15","0004","11-09-800713"
"25","15","0005","11-09-800707"
"25","15","0006","11-09-800727"
"25","15","0007","11-09-800724"
"25","15","0008","11-09-800720"
"25","15","0009","11-09-800715"
"25","15","0010","11-09-800712"
"25","15","0015","11-09-800718"
"25","15","0018","11-09-800725"
"25","15","0021","11-09-800719"
"25","15","0022","11-09-800711"
"25","15","0023","11-09-800726"
"25","16","0003","91-25-1600300200"
"25","16","0004","11-09-800737"
"25","16","0005","11-09-800730"
"25","16","0008","11-09-800736"
"25","16","0009","11-09-800732"
"25","16","0010","11-09-800740"
"25","16","0011","11-09-800739"
"25","16","0013","11-09-800735"
"25","16","0021","11-09-120130"
"25","16","0023","11-09-800738"
"25","16","0024","11-09-120227"
"25","17","0001","11-09-800749"
"25","17","0002","11-09-800762"
"25","17","0003","11-09-800746"
"25","17","0004","11-09-800756"
"25","17","0006","11-09-800757"
"25","17","0007","11-09-800752"
"25","17","0009","11-09-800745"
"25","17","0010","11-09-800755"
"25","17","0011","11-09-800748"
"25","17","0012","11-09-800758"
"25","17","0018","11-09-800751"
"25","17","0020","11-09-800761"
"25","18","0001","11-09-800768"
"25","18","0002","11-09-800780"
"25","18","0003","11-09-800765"
"25","18","0004","11-09-800776"
"25","18","0005","11-09-800764"
"25","18","0006","11-09-122709"
"25","18","0007","11-09-800769"
"25","18","0008","11-09-800775"
"25","18","0009","11-09-800766"
"25","18","0010","11-09-800777"
"25","18","0011","11-09-800763"
"25","18","0013","11-09-800767"
"25","19","0001","11-09-800799"
"25","19","0002","11-09-800800"
"25","19","0003","11-09-800795"
"25","19","0004","11-09-800784"
"25","19","0005","11-09-800787"
"25","19","0006","11-09-800782"
"25","19","0007","11-09-800797"
"25","19","0008","11-09-800790"
"25","19","0018","11-09-800789"
"25","20","0001","11-09-800804"
"25","20","0002","11-09-800805"
"25","20","0005","11-09-800808"
"25","20","0006","11-09-800806"
"25","20","0007","11-09-800807"
"25","20","0008","11-09-800811"
"25","20","0009","11-09-800801"
"25","20","0010","11-09-800812"
"25","20","0013","11-09-800810"
"25","20","0015","11-09-800809"
"25","21","0003","11-09-800819"
"25","21","0004","11-09-800815"
"25","21","0006","11-09-800817"
"25","21","0007","11-09-800820"
"25","21","0009","11-09-800818"
"25","22","0001","11-09-801269"
"25","22","0002","11-09-801262"
"25","22","0003","11-09-801273"
"25","22","0004","11-09-801265"
"25","22","0005","11-09-801267"
"25","22","0006","11-09-801259"
"25","22","0007","11-09-801270"
"25","22","0008","11-09-801263"
"25","22","0009","11-09-801276"
"25","22","0010","11-09-801268"
"25","22","0013","11-09-801266"
"25","22","0015","11-09-801271"
"25","23","0001","11-09-800824"
"25","23","0002","11-09-800826"
"25","23","0003","11-09-800825"
"25","23","0004","11-09-800821"
"25","23","0005","11-09-800827"
"25","24","0001","11-09-800844"
"25","24","0002","11-09-800841"
"25","24","0003","11-09-800843"
"25","24","0004","11-09-800848"
"25","24","0005","11-09-800836"
"25","24","0006","11-09-800840"
"25","24","0007","11-09-800833"
"25","24","0008","11-09-800849"
"25","24","0009","11-09-800850"
"25","24","0010","11-09-800832"
"25","25","0001","11-09-800866"
"25","25","0002","11-09-800867"
"25","25","0003","11-09-800853"
"25","25","0004","11-09-800863"
"25","25","0005","11-09-800873"
"25","25","0006","11-09-800871"
"25","25","0007","11-09-800864"
"25","25","0010","11-09-800858"
"25","25","0012","11-09-800870"
"25","25","0016","11-09-800862"
"25","25","0018","11-09-800869"
"25","25","0019","11-09-800859"
"25","25","0021","11-09-800872"
"25","26","0002","11-09-800879"
"25","26","0003","11-09-800882"
"25","26","0004","11-09-800875"
"25","26","0007","11-09-800881"
"25","27","0001","11-09-800889"
"25","27","0002","11-09-800890"
"25","27","0003","11-09-800887"
"25","27","0004","11-09-800892"
"25","27","0005","11-09-800886"
"25","27","0006","11-09-800884"
"25","27","0007","11-09-800891"
"25","27","0008","11-09-800885"
"25","27","0009","11-09-800883"
"25","27","0010","11-09-800888"
"25","27","0011","11-09-800893"
"25","28","0001","11-09-800900"
"25","28","0002","11-09-800897"
"25","28","0003","11-09-800898"
"25","28","0004","11-09-800895"
"25","28","0006","11-09-800894"
"25","28","0007","11-09-800903"
"25","28","0008","11-09-800896"
"25","28","0010","11-09-800899"
"25","29","0001","11-09-800907"
"25","29","0002","11-09-800911"
"25","29","0003","11-09-800909"
"25","29","0004","11-09-800906"
"25","29","0005","11-09-800912"
"25","29","0006","11-09-800908"
"25","29","0007","11-09-800904"
"25","29","0008","11-09-800910"
"25","29","0009","11-09-800905"
"25","29","0010","11-09-800914"
"25","29","0011","11-09-800913"
"25","30","0001","11-09-800919"
"25","30","0002","11-09-800915"
"25","30","0003","11-09-800927"
"25","30","0004","11-09-800923"
"25","30","0005","11-09-800916"
"25","30","0006","11-09-800921"
"25","30","0007","11-09-800920"
"25","30","0008","11-09-800917"
"25","30","0009","11-09-800918"
"25","31","0001","11-09-800940"
"25","31","0002","11-09-800941"
"25","31","0003","11-09-800942"
"25","31","0004","11-09-800929"
"25","31","0005","11-09-800932"
"25","31","0007","11-09-800937"
"25","32","0001","11-09-800951"
"25","32","0002","11-09-800952"
"25","32","0003","11-09-800946"
"25","32","0004","11-09-800950"
"25","33","0001","11-09-800959"
"25","33","0002","11-09-800958"
"25","33","0003","11-09-800960"
"25","33","0004","11-09-800964"
"25","33","0006","11-09-800961"
"25","34","0001","11-09-800968"
"25","34","0002","11-09-800969"
"25","34","0004","11-09-800978"
"25","34","0005","11-09-800966"
"25","34","0007","11-09-800967"
"25","34","0008","11-09-800979"
"25","34","0009","11-09-800971"
"25","34","0012","11-09-800965"
"25","34","0014","11-09-800972"
"25","35","0001","11-09-800981"
"25","35","0002","11-09-800992"
"25","35","0003","11-09-800983"
"25","35","0004","11-09-800980"
"25","35","0005","11-09-800988"
"25","35","0006","11-09-800986"
"25","35","0010","11-09-800989"
"25","35","0011","11-09-800982"
"25","35","0013","11-09-800987"
"25","36","0001","11-09-801000"
"25","36","0002","11-09-801002"
"25","36","0003","11-09-800998"
"25","36","0005","11-09-800994"
"25","36","0006","11-09-800997"
"25","36","0009","11-09-801003"
"25","36","0010","11-09-800996"
"25","37","0002","11-09-801006"
"25","38","0001","11-09-801014"
"25","38","0002","11-09-801016"
"25","38","0003","11-09-801012"
"25","38","0004","11-09-801011"
"25","38","0008","11-09-801013"
"25","38","0009","11-09-801015"
"25","38","0010","11-09-801017"
"25","39","0003","11-09-801032"
"25","39","0005","11-09-801025"
"25","39","0007","11-09-801018"
"25","39","0008","11-09-801028"
"25","39","0009","11-09-801022"
"25","39","0010","11-09-801026"
"25","39","0011","11-09-801020"
"25","39","0012","11-09-801019"
"25","39","0017","11-09-801027"
"25","40","0001","11-09-801035"
"25","40","0002","11-09-801034"
"25","40","0003","11-09-801036"
"25","40","0004","11-09-801037"
"25","41","0001","11-09-801048"
"25","41","0002","11-09-801042"
"25","41","0003","11-09-801044"
"25","41","0004","11-09-801039"
"25","41","0005","11-09-801047"
"25","41","0006","11-09-801040"
"25","41","0007","11-09-801045"
"25","41","0008","11-09-801046"
"25","41","0009","11-09-801049"
"25","41","0010","11-09-801038"
"25","42","0001","11-09-801051"
"25","42","0002","11-09-801059"
"25","42","0003","11-09-801056"
"25","42","0004","11-09-801060"
"25","42","0005","11-09-801058"
"25","42","0006","11-09-801053"
"25","42","0008","11-09-801057"
"25","43","0001","11-09-801064"
"25","43","0002","11-09-801062"
"25","43","0003","11-09-801061"
"25","43","0005","11-09-801063"
"25","44","0001","11-09-801071"
"25","44","0002","11-09-801069"
"25","44","0003","11-09-801068"
"25","44","0005","11-09-801074"
"25","45","0001","11-09-801086"
"25","45","0002","11-09-801087"
"25","45","0003","11-09-801083"
"25","45","0004","11-09-801085"
"25","45","0005","11-09-801082"
"25","45","0008","11-09-801091"
"25","45","0009","11-09-801089"
"25","45","0010","11-09-801075"
"25","45","0013","11-09-801088"
"25","45","0015","11-09-801076"
"25","45","0018","11-09-801084"
"25","46","0001","11-09-801125"
"25","46","0002","11-09-801123"
"25","46","0003","11-09-801127"
"25","46","0004","11-09-801126"
"25","47","0001","11-09-801134"
"25","47","0002","11-09-801129"
"25","47","0003","11-09-801132"
"25","47","0004","11-09-801136"
"25","47","0005","11-09-801130"
"25","47","0006","11-09-801137"
"25","47","0007","11-09-801131"
"25","47","0008","11-09-801133"
"25","47","0009","11-09-801138"
"25","47","0010","11-09-801135"
"25","48","0003","11-09-801105"
"25","48","0004","11-09-801099"
"25","48","0005","11-09-801093"
"25","48","0008","11-09-801094"
"25","48","0013","11-09-801100"
"25","49","0001","11-09-801108"
"25","49","0002","11-09-801109"
"25","49","0003","11-09-801107"
"25","49","0004","11-09-801113"
"25","49","0005","11-09-801116"
"25","49","0006","11-09-801115"
"25","49","0007","11-09-801110"
"25","49","0009","11-09-801111"
"25","49","0010","11-09-801106"
"25","50","0002","11-09-801118"
"25","50","0005","11-09-801117"
"25","51","0001","11-09-801143"
"25","51","0002","11-09-801141"
"25","52","0001","11-09-801152"
"25","52","0002","11-09-801154"
"25","52","0003","11-09-801153"
"25","52","0004","11-09-801155"
"25","52","0005","11-09-801157"
"25","52","0006","11-09-801156"
"25","53","0001","11-09-801147"
"25","53","0004","11-09-801150"
"25","53","0006","11-09-801151"
"25","53","0007","11-09-801145"
"25","54","0001","11-09-801160"
"25","54","0002","11-09-801165"
"25","54","0003","11-09-801161"
"25","54","0004","11-09-801162"
"25","54","0005","11-09-801164"
"25","54","0006","11-09-801158"
"25","54","0007","11-09-801163"
"25","55","0001","11-09-801175"
"25","55","0002","11-09-801167"
"25","55","0003","11-09-801177"
"25","55","0004","11-09-801181"
"25","55","0005","11-09-801176"
"25","55","0006","11-09-801172"
"25","55","0007","11-09-801179"
"25","55","0008","11-09-801171"
"25","55","0009","11-09-801168"
"25","55","0013","11-09-801182"
"25","55","0017","11-09-801166"
"25","56","0001","11-09-801200"
"25","56","0002","11-09-801197"
"25","56","0003","11-09-801198"
"25","56","0004","11-09-801201"
"25","56","0005","11-09-801199"
"25","56","0006","11-09-197190"
"25","56","0007","11-09-197679"
"25","57","0002","11-09-801188"
"25","57","0009","11-09-801183"
"25","57","0012","11-09-801192"
"25","58","0001","11-09-801215"
"25","58","0002","11-09-801211"
"25","58","0005","11-09-801217"
"25","58","0006","11-09-801218"
"25","58","0007","11-09-801216"
"25","59","0001","11-09-801206"
"25","59","0002","11-09-801204"
"25","59","0003","11-09-801205"
"25","59","0009","11-09-801202"
"25","60","0001","11-09-801222"
"25","60","0002","11-09-801224"
"25","60","0003","11-09-801226"
"25","60","0004","11-09-801220"
"25","60","0005","11-09-801223"
"25","60","0006","11-09-801225"
"25","60","0007","11-09-801219"
"25","60","0008","11-09-801221"
"25","61","0008","11-09-801227"
"25","61","0010","11-09-801239"
"25","61","0013","11-09-801237"
"25","61","0017","11-09-801243"
"25","61","0018","11-09-801231"
"25","61","0019","11-09-801240"
"25","61","0021","11-09-801238"
"25","62","0001","11-09-801244"
"25","62","0002","11-09-801246"
"25","62","0003","11-09-801247"
"25","62","0004","11-09-801245"
"25","63","0003","11-09-801252"
"25","63","0004","11-09-801249"
"25","63","0005","11-09-801250"
"25","63","0006","11-09-801253"
"26","01","0002","11-19-801643"
"26","01","0003","11-19-801645"
"26","01","0007","11-19-801647"
"26","01","0008","11-19-801648"
"26","01","0009","11-19-308587"
"26","02","0001","11-19-306882"
"26","02","0007","11-19-307507"
"26","02","0009","11-19-307402"
"26","03","0001","11-19-801634"
"26","03","0002","11-19-801635"
"26","03","0003","91-26-0300102000"
"26","03","0004","11-19-801636"
"26","03","0006","11-19-801637"
"26","03","0007","11-19-306662"
"26","03","0008","11-19-801638"
"26","03","0009","11-19-306564"
"26","04","0003","11-19-801651"
"26","04","0004","11-19-309799"
"26","04","0005","11-19-801652"
"26","04","0006","11-19-801653"
"26","04","0007","11-19-801654"
"26","04","0008","11-19-311005"
"26","05","0001","11-19-801655"
"26","05","0004","11-19-801656"
"26","06","0001","11-19-313830"
"26","06","0002","11-19-801657"
"26","06","0010","11-19-801658"
"26","06","0011","11-19-314139"
"26","06","0013","11-19-801660"
"26","06","0014","11-19-801659"
"26","06","0015","11-19-801661"
"26","06","0016","11-19-801663"
"26","07","0003","11-19-801682"
"26","07","0004","11-19-321657"
"26","07","0005","11-19-801681"
"26","08","0024","11-19-801696"
"26","08","0036","11-19-801702"
"26","08","0038","11-19-801705"
"26","08","0040","11-19-801704"
"26","08","0043","11-19-801701"
"26","08","0044","11-19-801698"
"26","08","0045","11-19-801712"
"26","08","0051","91-26-0800513800"
"26","08","0055","11-19-801716"
"26","08","0058","11-19-801718"
"26","08","0059","11-19-801719"
"26","09","0001","91-26-0900520100"
"26","09","0016","11-19-801747"
"26","09","0027","91-26-0900521900"
"26","09","0038","11-19-334013"
"26","09","0040","91-26-0900103000"
"26","09","0041","11-19-801749"
"26","09","0042","11-19-801748"
"26","11","0002","11-19-801739"
"26","11","0039","11-19-332696"
"26","12","0008","11-19-801724"
"26","12","0018","11-19-801722"
"26","12","0026","11-19-801728"
"26","13","0002","11-19-801757"
"26","13","0005","01-19-41516000"
"26","13","0013","11-19-801754"
"26","14","0003","11-19-801733"
"26","14","0006","11-19-801734"
"26","14","0007","11-19-327598"
"26","14","0009","11-19-329104"
"26","15","0001","11-19-801736"
"26","15","0002","11-19-331744"
"26","15","0003","11-19-801738"
"26","15","0004","11-19-330148"
"26","15","0007","11-19-801737"
"26","16","0032","11-19-318589"
"26","16","0033","11-19-801673"
"26","16","0054","11-19-319950"
"26","16","0055","11-19-801677"
"26","16","0057","11-19-801678"
"26","16","0058","11-19-801674"
"26","16","0059","11-19-801676"
"26","16","0060","11-19-801679"
"26","16","0061","11-19-320495"
"26","17","0002","11-19-801665"
"26","17","0006","11-19-801667"
"26","17","0007","11-19-801669"
"27","01","0000","11-35-804041"
"28","01","0001","11-04-800286"
"28","01","0002","11-04-800286"
"28","01","0003","11-04-800286"
"28","01","0004","11-04-800286"
"28","01","0005","11-04-800286"
"28","01","0007","11-04-800286"
"29","01","0001","11-26-802639"
"30","01","0001","11-25-802638"
"30","02","0001","11-25-802637"
"31","01","0003","11-07-800441"
"31","02","0003","11-07-800441"
"31","03","0003","11-07-800441"
"31","04","0003","11-07-800441"
"31","05","0003","11-07-800441"
"31","06","0003","11-07-800441"
"31","07","0003","11-07-800441"
"31","08","0003","11-07-800441"
"31","09","0003","11-07-800441"
"31","10","0003","11-07-800441"
"31","12","0002","11-07-800441"
"31","13","0001","11-07-800441"
"31","14","0076","11-07-800441"
"31","14","0077","11-07-800441"
"31","14","0078","11-07-800441"
"31","14","0079","11-07-800441"
"31","14","0080","11-07-800441"
"31","14","0081","11-07-800441"
"31","14","0082","11-07-800441"
"31","14","0083","11-07-800441"
"31","14","0084","11-07-800441"
"31","14","0085","11-07-800441"
"31","14","0086","11-07-800441"
"31","14","0087","11-07-800441"
"31","14","0088","11-07-800441"
"31","14","0089","11-07-800441"
"31","14","0090","11-07-800441"
"31","14","0091","11-07-800441"
"31","14","0092","11-07-800441"
"31","14","0093","11-07-800441"
"31","14","0135","11-07-800441"
"31","14","0136","11-07-800441"
"31","14","0137","11-07-800441"
"31","14","0138","11-07-800441"
"31","14","0139","11-07-800441"
"31","14","0140","11-07-800441"
"31","14","0141","11-07-800441"
"31","14","0142","11-07-800441"
"31","14","0143","11-07-800441"
"31","14","0144","11-07-800441"
"31","14","0145","11-07-800441"
"31","15","0003","11-07-800441"
"33","01","0001","11-34-804036"
"33","01","0002","11-34-804037"
"33","01","0003","11-34-804038"
"33","04","0001","11-34-804035"
